CustomerID,Age,Gender,AnnualIncome,TotalSpend,YearsAsCustomer,NumOfPurchases,AvgTransactionAmount,NumOfReturns,NumOfSupportQueries,SatisfactionScore,LastPurchaseDaysAgo,EmailOptIn,PromotionResponse,Churn
1,62,Other,45.15,5892.58,5,22,453.8,2,0,3,129,True,Responded,True
2,65,Male,79.51,9025.47,13,77,22.9,2,2,3,227,False,Responded,False
3,18,Male,29.19,618.83,13,71,50.53,5,2,2,283,False,Responded,True
4,21,Other,79.63,9110.3,3,33,411.83,5,3,5,226,True,Ignored,True
5,21,Other,77.66,5390.88,15,43,101.19,3,0,5,242,False,Unsubscribed,False
6,57,Male,190.43,255.19,19,85,417.78,5,1,4,130,False,Unsubscribed,False
7,27,Male,172.13,3512.55,3,77,316.18,0,3,1,61,True,Unsubscribed,False
8,37,Other,88.9,7270.9,4,87,63.61,3,4,3,224,False,Ignored,False
9,39,Other,24.46,4935.49,1,21,173.8,9,2,4,126,True,Responded,True
10,68,Other,169.59,9803.57,17,34,481.18,6,1,2,171,True,Unsubscribed,False
11,54,Male,138.9,4283.84,15,33,96.55,9,1,2,92,True,Responded,False
12,41,Female,47.43,3333.69,4,10,212.58,0,0,2,213,False,Responded,True
13,24,Other,199.29,8234.55,1,60,160.58,2,1,5,276,False,Ignored,False
14,42,Female,38.04,5524.28,12,4,259.81,5,4,2,212,False,Ignored,True
15,42,Female,176.08,6855.03,17,64,222.85,6,0,1,125,False,Ignored,True
16,30,Male,72.97,8076.45,9,63,466.61,5,0,3,304,False,Unsubscribed,False
17,19,Male,98.36,6747.13,10,9,414.8,7,3,2,274,True,Responded,True
18,56,Female,163.18,4281.83,3,29,294.39,7,0,3,197,True,Unsubscribed,False
19,57,Male,141.95,1335.48,15,14,173.58,7,3,4,4,False,Responded,False
20,41,Other,188.82,5844.46,11,88,378.05,8,4,5,57,True,Unsubscribed,True
21,64,Other,131.81,8984.59,5,72,298.9,1,1,2,323,True,Responded,True
22,42,Female,37.61,4247.04,10,13,89.61,0,4,1,199,False,Responded,False
23,35,Female,179.18,9116.18,14,3,162.9,8,0,2,193,True,Responded,True
24,55,Other,158.45,5084.93,12,78,288.48,2,1,2,323,False,Unsubscribed,True
25,43,Other,148.14,6246.33,9,24,352.98,7,1,4,119,True,Unsubscribed,True
26,31,Female,29.67,8346.59,6,60,167.05,5,2,1,35,True,Unsubscribed,False
27,26,Other,91.32,5689.51,9,74,456.01,2,4,2,352,True,Unsubscribed,True
28,27,Male,50.14,1000.6,3,80,210.02,8,3,1,317,False,Unsubscribed,False
29,38,Male,167.94,9811.7,13,12,83.09,9,4,5,128,False,Ignored,True
30,69,Female,146.1,2533.91,7,10,114.05,6,4,1,31,False,Unsubscribed,False
31,34,Male,178.95,7134.0,17,63,107.41,7,1,4,274,False,Ignored,True
32,69,Female,193.98,5100.62,18,66,124.56,5,4,1,325,True,Responded,True
33,23,Male,159.45,4839.85,4,91,198.0,1,4,1,193,False,Ignored,True
34,33,Male,198.96,2515.01,5,12,237.82,5,4,5,253,True,Unsubscribed,True
35,65,Female,130.66,7249.29,11,96,275.72,4,2,5,196,False,Responded,True
36,18,Other,26.68,1216.6,18,49,469.63,2,1,3,188,False,Unsubscribed,True
37,36,Female,22.57,9905.49,19,59,289.28,2,3,1,102,False,Responded,True
38,53,Female,81.58,8469.2,5,76,98.03,2,0,2,216,True,Ignored,False
39,42,Other,168.22,5391.64,16,2,233.12,6,1,5,260,True,Unsubscribed,False
40,67,Male,175.9,4303.07,18,73,92.72,1,2,5,360,True,Responded,False
41,69,Female,192.95,2936.0,14,26,456.43,3,3,4,263,True,Unsubscribed,False
42,47,Female,31.72,5065.76,17,31,92.5,9,0,1,202,True,Responded,True
43,37,Female,28.02,8806.23,9,34,309.17,6,1,1,273,False,Responded,False
44,37,Male,184.39,2822.56,14,88,293.2,7,0,1,121,False,Ignored,True
45,32,Male,74.91,5055.32,12,21,315.34,8,2,4,276,False,Unsubscribed,True
46,57,Other,120.44,2422.04,3,50,38.72,3,4,2,84,False,Ignored,True
47,50,Female,196.84,3437.78,18,9,151.77,1,0,2,277,True,Responded,False
48,19,Other,92.08,1983.58,7,65,183.3,8,1,2,234,False,Responded,False
49,27,Other,139.86,9906.34,3,35,462.35,3,2,3,322,True,Responded,True
50,50,Female,92.16,5757.82,12,31,308.21,7,2,4,287,False,Unsubscribed,True
51,49,Female,158.28,7354.87,15,85,405.83,5,2,4,352,True,Responded,False
52,28,Other,114.99,1072.67,9,38,253.05,4,4,3,168,False,Ignored,True
53,41,Male,62.75,3724.56,18,23,204.68,6,4,1,86,True,Ignored,False
54,53,Other,68.84,8937.13,8,62,246.96,4,1,2,110,False,Unsubscribed,True
55,29,Male,66.45,935.94,10,43,395.71,3,2,5,37,False,Responded,False
56,68,Male,115.82,1738.28,12,49,54.59,5,3,2,130,True,Responded,False
57,46,Other,146.57,6291.63,5,87,477.3,7,2,4,4,True,Responded,True
58,52,Female,190.87,6265.61,11,21,305.74,2,1,3,171,True,Ignored,False
59,18,Other,144.94,8398.45,3,44,101.25,8,2,3,21,False,Unsubscribed,False
60,18,Other,160.61,9361.38,8,8,31.44,5,2,4,108,False,Ignored,True
61,54,Male,50.41,1505.67,8,66,72.76,7,3,4,86,True,Responded,True
62,23,Other,87.33,2667.8,1,46,62.48,3,1,3,209,True,Unsubscribed,False
63,56,Female,94.48,4331.87,5,31,207.3,9,2,4,251,False,Ignored,False
64,58,Other,143.55,108.94,11,13,349.08,0,4,2,65,True,Responded,False
65,35,Other,73.26,791.16,9,70,132.59,2,0,3,137,True,Unsubscribed,False
66,33,Male,74.59,2342.26,13,57,198.67,8,3,3,105,True,Ignored,False
67,22,Female,84.06,4862.91,7,22,286.46,5,3,5,261,True,Responded,True
68,59,Female,165.85,2590.08,3,70,408.6,1,1,2,4,False,Unsubscribed,True
69,60,Male,123.97,8779.15,12,17,307.76,6,4,2,323,False,Ignored,True
70,49,Female,33.55,3310.3,13,44,100.75,8,4,1,259,False,Responded,False
71,19,Female,34.08,9253.77,16,24,129.65,1,4,5,262,False,Unsubscribed,False
72,19,Other,86.83,9750.39,9,41,191.99,3,1,4,307,False,Responded,True
73,57,Male,157.99,4553.63,9,38,248.66,7,1,3,182,True,Responded,True
74,59,Female,143.96,2348.58,14,49,443.26,0,1,5,42,False,Unsubscribed,False
75,53,Male,147.44,2987.49,1,40,130.87,2,2,1,138,False,Responded,False
76,56,Other,158.1,7785.7,1,39,464.56,0,2,1,267,False,Unsubscribed,True
77,29,Female,71.69,2806.16,16,44,388.99,5,3,2,284,False,Unsubscribed,True
78,64,Male,118.69,3867.77,18,49,166.56,4,3,3,104,True,Unsubscribed,True
79,36,Female,117.8,4837.9,13,1,483.73,5,0,1,162,True,Ignored,False
80,45,Male,153.13,5793.6,17,10,190.7,6,0,4,85,True,Responded,False
81,18,Other,192.24,9961.39,12,16,342.92,7,3,2,8,True,Responded,True
82,32,Other,70.04,2398.88,16,53,468.91,0,0,5,219,True,Responded,False
83,53,Female,162.79,3598.89,1,54,396.71,7,2,3,87,False,Unsubscribed,True
84,30,Female,138.79,2702.62,15,5,444.39,7,3,2,8,True,Unsubscribed,True
85,60,Male,124.44,3675.02,5,29,89.22,4,1,5,112,False,Unsubscribed,True
86,38,Female,159.48,1097.96,19,36,325.33,8,4,1,227,True,Ignored,True
87,29,Other,189.93,3662.12,18,21,49.15,8,1,1,303,False,Ignored,True
88,22,Other,26.6,8889.86,9,7,490.18,4,0,2,240,False,Responded,False
89,24,Other,46.53,3056.04,5,42,352.16,3,1,1,111,False,Responded,True
90,22,Female,156.13,3782.15,11,32,61.07,3,3,2,269,True,Unsubscribed,False
91,65,Male,35.08,9450.29,2,90,398.57,1,3,4,276,True,Responded,False
92,21,Other,112.9,7310.95,2,81,236.53,9,0,1,340,True,Unsubscribed,False
93,30,Other,59.57,5215.71,15,69,48.96,6,3,3,23,True,Responded,True
94,54,Female,69.37,7794.21,19,14,404.14,2,1,1,335,True,Unsubscribed,False
95,58,Female,146.33,1319.48,4,34,27.27,4,4,3,325,False,Responded,True
96,32,Female,25.43,4698.45,17,18,399.71,6,0,2,207,False,Ignored,True
97,33,Female,177.2,1270.54,6,66,291.37,9,4,3,223,False,Responded,False
98,38,Male,100.01,2412.82,4,90,11.33,9,2,1,278,True,Responded,False
99,53,Female,110.43,1504.49,16,48,228.21,9,4,5,209,False,Ignored,True
100,41,Male,117.21,3681.83,14,87,309.19,2,3,2,147,False,Ignored,False
101,33,Male,136.2,3878.23,9,43,110.51,5,1,3,353,True,Responded,True
102,31,Other,82.07,9478.35,8,23,125.7,8,4,1,82,False,Ignored,True
103,39,Other,38.2,2714.84,12,82,41.71,8,4,1,266,True,Ignored,False
104,66,Female,77.31,4777.05,9,68,338.17,5,1,4,95,False,Ignored,True
105,67,Other,50.27,8132.66,9,20,105.31,0,0,4,261,True,Unsubscribed,True
106,23,Male,120.1,8174.61,19,47,431.93,4,1,5,173,False,Unsubscribed,True
107,59,Female,77.25,7528.4,6,30,381.68,8,2,2,162,False,Ignored,True
108,53,Female,192.45,2949.55,7,69,55.55,2,4,4,144,True,Unsubscribed,False
109,18,Female,193.83,5000.22,6,85,283.26,9,1,5,255,False,Ignored,False
110,49,Female,131.62,1943.49,12,31,212.13,5,4,3,195,True,Responded,True
111,23,Other,131.15,1965.16,16,45,391.58,0,0,2,169,False,Responded,False
112,48,Female,197.37,4414.83,13,80,334.47,9,4,2,145,False,Responded,False
113,18,Male,179.71,7412.06,5,34,48.3,4,4,4,78,True,Responded,False
114,67,Female,157.71,5313.18,4,5,491.01,3,1,2,150,False,Responded,False
115,68,Other,76.45,8878.16,19,84,135.89,7,0,5,332,False,Ignored,False
116,54,Male,85.8,8326.0,18,38,135.22,2,2,2,82,True,Ignored,True
117,52,Other,56.23,412.89,13,53,159.35,2,1,1,112,True,Responded,True
118,66,Other,107.69,5727.35,13,65,488.27,0,1,5,58,False,Ignored,False
119,47,Other,198.27,6130.7,1,18,403.85,0,0,5,38,True,Responded,False
120,21,Other,184.19,9619.59,1,18,52.17,8,3,2,203,False,Unsubscribed,False
121,52,Female,41.3,330.04,7,40,214.81,6,4,2,362,True,Ignored,False
122,60,Other,24.53,5357.93,4,19,429.09,2,1,4,259,True,Responded,True
123,31,Female,181.75,2127.34,10,6,181.12,5,0,1,121,False,Responded,False
124,66,Female,116.69,631.26,9,99,152.79,1,1,4,216,True,Ignored,False
125,57,Other,56.03,5916.14,4,4,323.31,7,0,2,199,True,Responded,False
126,39,Male,141.26,7748.78,11,59,190.16,9,0,1,21,False,Ignored,False
127,27,Other,135.96,7771.17,13,1,89.19,4,2,3,21,True,Unsubscribed,True
128,18,Other,41.98,399.86,9,36,246.8,0,0,4,190,False,Ignored,True
129,28,Female,66.73,4128.77,7,26,407.73,3,0,2,359,True,Ignored,False
130,68,Female,30.81,540.65,8,85,423.82,5,3,5,50,False,Unsubscribed,False
131,61,Female,57.77,2553.6,19,94,311.67,6,4,5,326,False,Unsubscribed,False
132,41,Female,43.82,2009.52,16,66,499.57,5,2,2,337,True,Unsubscribed,False
133,20,Other,54.78,2230.31,5,15,492.49,5,4,3,245,False,Responded,True
134,52,Male,143.38,3457.27,12,45,126.96,1,1,3,179,False,Unsubscribed,True
135,53,Male,28.91,2846.44,12,5,387.75,0,2,1,208,True,Ignored,True
136,48,Male,38.33,9626.57,13,71,100.11,7,2,5,296,False,Responded,False
137,21,Male,44.15,3588.83,1,18,211.59,3,0,3,274,False,Responded,True
138,36,Female,76.98,8952.31,6,94,14.88,3,3,4,352,True,Unsubscribed,True
139,64,Other,73.78,1892.31,7,62,108.7,1,0,3,27,False,Unsubscribed,False
140,53,Female,65.91,7661.09,14,57,119.57,4,3,4,30,False,Unsubscribed,True
141,38,Female,155.1,707.32,6,2,494.0,8,2,5,140,False,Responded,False
142,35,Other,199.64,4681.34,19,17,30.41,5,2,4,231,False,Unsubscribed,False
143,68,Other,116.12,154.55,13,67,473.47,8,3,2,322,True,Unsubscribed,True
144,45,Other,189.96,8121.88,15,79,420.71,6,0,4,303,True,Unsubscribed,True
145,32,Female,91.39,9509.81,4,50,21.01,7,0,2,254,False,Unsubscribed,False
146,59,Male,39.2,447.56,10,25,77.0,5,2,3,236,False,Unsubscribed,True
147,19,Female,93.58,9345.08,6,70,318.22,0,0,2,49,False,Responded,True
148,54,Female,73.3,7761.15,2,22,181.89,4,2,5,120,False,Responded,False
149,28,Other,108.81,3652.73,2,9,177.27,3,2,5,231,True,Ignored,True
150,40,Female,138.27,9097.88,1,73,351.27,8,1,4,52,True,Ignored,False
151,61,Male,102.99,3032.95,16,34,497.43,5,3,5,4,False,Ignored,False
152,58,Male,188.33,4152.02,11,70,173.03,6,3,1,338,True,Responded,True
153,29,Female,179.26,1057.44,13,97,462.29,5,1,4,319,True,Unsubscribed,True
154,20,Other,146.36,6603.7,14,1,366.94,5,1,1,5,False,Unsubscribed,False
155,69,Female,108.14,393.05,4,44,425.02,0,4,5,82,True,Unsubscribed,True
156,34,Male,43.7,4900.56,11,7,259.33,0,2,3,227,True,Ignored,True
157,50,Male,91.46,6863.6,10,15,271.31,7,4,3,196,False,Responded,False
158,18,Female,146.79,8230.25,6,38,277.77,7,2,5,50,True,Ignored,False
159,56,Male,71.28,1584.42,14,93,286.92,8,3,3,114,False,Ignored,False
160,37,Female,38.72,7565.49,9,81,80.78,2,4,3,148,True,Ignored,True
161,64,Male,183.42,7218.86,18,54,111.45,1,2,5,303,False,Unsubscribed,True
162,60,Other,147.63,5639.75,14,30,85.33,7,3,5,339,True,Unsubscribed,False
163,69,Male,130.75,5887.98,4,83,103.58,6,3,1,296,False,Unsubscribed,False
164,58,Female,162.65,1003.58,1,94,335.83,0,1,2,331,True,Ignored,True
165,31,Female,170.42,6044.66,15,4,111.19,0,1,1,126,False,Ignored,True
166,48,Other,107.02,3877.07,15,75,440.41,6,4,4,222,True,Responded,True
167,42,Male,178.61,8689.05,7,42,68.54,5,0,4,201,True,Unsubscribed,False
168,20,Female,184.96,3199.68,16,40,494.48,5,0,3,127,True,Ignored,True
169,21,Male,68.88,5808.29,6,97,10.7,7,3,4,99,False,Responded,True
170,48,Other,129.36,4323.06,1,33,423.5,0,2,3,188,True,Ignored,True
171,52,Female,114.79,8774.99,8,29,10.98,0,4,5,214,True,Ignored,False
172,61,Other,116.83,2613.78,8,15,394.88,5,4,2,239,True,Ignored,True
173,31,Female,188.78,880.14,18,96,366.55,5,4,5,6,False,Responded,False
174,66,Male,74.93,7511.69,1,99,350.32,1,2,5,69,True,Responded,False
175,58,Female,197.02,4187.68,16,63,181.93,5,3,5,37,False,Responded,False
176,26,Other,182.38,5932.07,12,62,317.27,1,2,3,125,True,Unsubscribed,True
177,37,Female,102.57,361.25,12,68,303.71,5,4,3,40,False,Responded,False
178,49,Other,167.14,9525.89,19,14,372.37,9,2,2,119,False,Unsubscribed,False
179,26,Female,158.43,8788.42,12,19,357.91,7,3,5,86,True,Ignored,True
180,44,Other,142.02,6276.29,7,82,131.63,4,0,2,250,False,Unsubscribed,True
181,20,Male,77.57,268.6,8,62,357.7,7,4,3,165,True,Responded,True
182,21,Female,55.36,3841.97,4,35,163.11,2,0,5,175,True,Unsubscribed,False
183,62,Male,140.87,9790.09,6,99,198.9,0,1,2,205,False,Responded,True
184,32,Female,171.74,6845.17,18,84,151.01,3,0,4,206,True,Ignored,True
185,50,Female,22.93,1693.78,1,69,372.21,8,1,5,196,False,Responded,True
186,22,Male,135.7,4659.91,12,76,418.99,2,2,4,174,True,Responded,False
187,21,Other,99.72,9670.7,2,22,131.84,2,1,4,41,False,Unsubscribed,False
188,63,Male,181.66,5393.61,19,4,261.9,0,0,1,106,False,Responded,False
189,29,Male,77.87,343.68,15,35,355.75,3,3,5,185,True,Responded,False
190,40,Female,105.35,6235.74,19,84,414.02,0,3,2,287,True,Unsubscribed,True
191,31,Other,112.66,2785.04,10,91,366.36,7,0,2,338,True,Unsubscribed,True
192,63,Other,45.28,1078.57,7,73,58.6,3,0,2,348,True,Responded,False
193,29,Male,148.32,4088.79,5,79,345.2,7,1,4,324,True,Responded,False
194,34,Male,169.49,5629.38,12,36,453.65,1,0,5,283,True,Unsubscribed,False
195,42,Other,30.42,268.7,18,77,226.57,5,0,1,43,True,Ignored,False
196,47,Male,72.45,5634.56,1,82,373.88,5,0,3,204,False,Unsubscribed,False
197,39,Female,26.85,5160.91,12,88,481.34,7,0,1,122,False,Unsubscribed,False
198,64,Female,192.18,7959.69,19,82,350.04,0,4,2,148,False,Responded,False
199,43,Male,140.09,4293.14,9,97,151.97,3,4,1,342,True,Unsubscribed,False
200,34,Female,193.56,5579.16,3,50,231.52,3,3,4,101,False,Unsubscribed,False
201,37,Other,115.67,7445.89,19,12,239.67,6,1,2,53,True,Ignored,True
202,51,Male,164.37,8981.74,7,67,426.03,0,3,1,234,True,Responded,False
203,58,Female,87.39,3862.34,15,23,484.45,1,3,1,242,False,Responded,True
204,50,Male,83.69,6056.17,12,69,300.67,7,1,3,237,True,Ignored,False
205,54,Other,88.09,6976.65,2,42,47.69,6,1,2,232,True,Unsubscribed,False
206,24,Female,138.42,528.38,14,43,475.28,8,3,3,110,False,Ignored,False
207,39,Other,84.7,8027.53,14,16,497.07,7,0,2,222,True,Unsubscribed,False
208,49,Male,182.07,3836.56,2,60,203.83,2,0,3,338,False,Unsubscribed,True
209,31,Male,196.99,6735.37,11,61,414.66,6,2,1,14,True,Ignored,False
210,25,Female,25.48,4769.47,14,82,222.6,1,2,4,191,False,Responded,False
211,42,Other,54.85,7053.16,15,78,350.78,8,2,3,322,True,Responded,False
212,33,Male,40.2,7270.88,1,96,30.52,4,3,2,119,True,Unsubscribed,False
213,59,Other,27.63,1996.55,12,4,446.44,9,1,5,278,True,Responded,True
214,36,Other,60.99,6655.52,8,46,31.95,5,4,5,76,True,Ignored,False
215,58,Female,100.42,8528.1,4,26,117.83,8,1,3,341,True,Ignored,False
216,33,Other,170.66,2432.12,15,52,288.2,2,4,1,202,False,Ignored,False
217,29,Male,59.93,7606.02,1,29,442.5,9,1,3,268,False,Ignored,False
218,56,Male,108.91,6374.87,9,83,143.52,1,1,4,136,True,Ignored,True
219,65,Female,187.33,9555.75,4,96,53.77,3,4,2,157,False,Responded,True
220,47,Other,140.1,2676.44,12,24,406.69,1,0,5,144,False,Unsubscribed,False
221,19,Male,163.65,1627.35,2,11,186.06,3,2,2,358,False,Ignored,True
222,49,Male,119.18,3190.0,7,14,374.37,8,3,2,348,True,Unsubscribed,True
223,62,Female,196.48,2653.79,15,78,104.27,8,3,3,150,False,Unsubscribed,True
224,42,Other,125.96,7592.64,5,14,124.1,7,0,1,282,True,Ignored,True
225,42,Other,28.19,7357.78,11,84,183.49,9,0,2,217,True,Unsubscribed,False
226,21,Other,55.64,6729.88,4,66,394.48,4,3,1,202,False,Responded,True
227,36,Male,92.86,2242.15,16,4,469.79,7,4,4,74,False,Unsubscribed,False
228,65,Male,128.23,8631.89,7,13,395.73,1,3,4,252,True,Unsubscribed,True
229,21,Female,158.95,9570.06,12,9,13.81,3,1,1,130,False,Ignored,False
230,60,Male,94.36,5362.9,3,11,406.14,0,4,3,349,False,Responded,False
231,30,Female,147.81,6528.79,4,7,321.85,0,0,3,121,True,Ignored,False
232,56,Female,162.18,5056.85,18,53,401.28,3,3,3,232,False,Ignored,False
233,53,Other,77.11,2907.22,11,32,290.44,8,0,5,293,True,Responded,True
234,40,Female,196.27,2932.86,1,44,24.04,3,4,4,221,False,Ignored,True
235,23,Other,136.94,3202.86,7,96,403.53,1,1,4,44,True,Unsubscribed,False
236,41,Other,178.58,1989.42,2,22,47.42,4,1,2,196,False,Responded,True
237,61,Male,120.07,9029.04,15,14,180.64,9,0,1,10,False,Responded,True
238,50,Male,153.49,8598.14,4,72,274.89,6,4,5,164,True,Ignored,True
239,29,Female,158.7,4670.23,18,46,150.08,6,1,5,7,False,Responded,False
240,58,Female,183.48,3735.79,8,29,382.26,6,1,2,231,False,Ignored,True
241,38,Female,47.06,9396.88,15,83,487.32,1,1,1,82,False,Unsubscribed,True
242,28,Female,120.49,2301.5,12,30,236.66,1,4,3,86,True,Ignored,True
243,61,Male,97.11,5580.07,14,62,476.85,8,1,2,126,False,Ignored,False
244,55,Female,186.17,639.53,1,27,459.35,7,4,3,204,True,Responded,True
245,46,Other,38.92,1992.9,1,51,410.95,0,0,3,297,True,Responded,True
246,65,Male,196.86,6079.87,19,16,366.16,6,4,3,264,True,Ignored,False
247,58,Other,177.58,6655.62,18,47,19.81,6,0,3,28,True,Unsubscribed,True
248,20,Female,33.29,5851.86,10,66,451.79,3,0,4,298,True,Ignored,False
249,45,Male,108.37,8709.05,6,52,290.57,3,1,2,320,True,Unsubscribed,True
250,37,Other,149.16,9934.71,13,26,74.47,8,0,5,347,True,Ignored,False
251,43,Male,152.87,7662.23,18,19,348.79,2,0,1,203,True,Responded,True
252,41,Other,183.17,4704.41,4,40,143.23,8,2,4,229,True,Unsubscribed,True
253,69,Male,163.98,8355.95,4,49,348.95,1,2,2,294,False,Ignored,False
254,64,Other,75.97,1291.84,3,46,49.41,3,2,3,97,False,Unsubscribed,True
255,38,Other,109.72,6864.38,6,23,487.78,4,3,4,6,True,Unsubscribed,True
256,47,Other,146.32,5231.54,7,28,42.6,4,4,1,253,True,Ignored,False
257,21,Male,44.92,1862.85,9,76,435.18,3,4,3,314,False,Unsubscribed,False
258,53,Other,54.92,9732.04,1,45,164.79,3,2,2,202,True,Ignored,True
259,57,Other,106.59,3450.53,13,39,153.62,3,1,4,347,True,Ignored,True
260,27,Female,73.68,6192.69,7,1,203.54,4,2,3,44,True,Unsubscribed,True
261,27,Other,175.26,8798.08,8,10,388.55,7,4,4,295,False,Ignored,False
262,59,Female,125.53,5116.22,10,23,107.88,9,2,3,89,True,Responded,True
263,41,Male,82.76,1239.86,7,70,229.07,3,1,3,133,False,Unsubscribed,True
264,21,Other,172.79,8205.52,6,24,249.51,2,4,3,75,True,Responded,False
265,64,Male,164.88,3596.82,5,71,454.69,1,0,4,218,False,Responded,True
266,44,Female,199.7,9832.36,8,87,281.88,2,1,5,125,False,Responded,False
267,68,Female,172.52,8849.87,16,88,322.94,3,3,1,310,False,Responded,True
268,62,Male,94.6,8549.15,4,66,448.1,9,2,4,176,False,Responded,False
269,21,Other,42.95,3626.91,8,56,173.34,2,4,2,28,False,Responded,False
270,49,Male,171.32,7595.58,9,56,45.4,6,1,1,90,False,Ignored,False
271,27,Female,30.76,9864.66,19,27,396.37,5,3,1,28,False,Ignored,True
272,28,Female,83.05,5310.58,15,32,381.78,7,4,3,131,False,Unsubscribed,True
273,45,Other,185.55,4760.25,8,20,168.91,6,4,2,319,True,Responded,False
274,63,Female,192.94,245.19,3,62,474.5,7,2,4,364,False,Ignored,True
275,25,Other,135.3,7032.02,3,26,418.51,1,1,3,2,False,Responded,False
276,57,Other,143.96,8598.93,17,72,11.38,9,0,2,265,False,Unsubscribed,False
277,39,Other,27.64,2549.83,14,12,61.78,2,4,2,360,True,Ignored,False
278,51,Female,112.61,3218.74,14,58,237.63,3,1,1,57,True,Ignored,True
279,62,Male,118.44,5056.7,2,56,456.05,8,3,2,311,True,Ignored,False
280,52,Male,81.22,813.59,14,18,96.37,1,0,5,61,False,Responded,True
281,52,Female,32.35,987.46,11,55,337.79,7,4,2,314,False,Responded,True
282,42,Male,61.2,4269.0,14,1,435.33,2,2,5,22,False,Ignored,True
283,51,Male,84.44,2686.07,7,12,465.64,2,2,3,130,False,Responded,False
284,23,Female,98.33,4119.77,19,37,331.47,7,0,4,62,False,Unsubscribed,True
285,58,Male,126.37,4598.42,8,78,182.89,8,4,4,5,True,Ignored,True
286,54,Female,150.03,9765.11,14,9,188.27,0,4,5,274,True,Ignored,True
287,18,Other,77.17,9448.17,4,64,383.5,3,3,1,132,True,Responded,True
288,29,Other,79.21,1483.33,11,11,436.71,9,3,4,287,True,Responded,False
289,52,Male,23.54,8837.6,4,90,481.32,6,2,2,173,True,Unsubscribed,False
290,23,Female,27.36,894.05,6,10,382.03,6,2,4,307,True,Ignored,False
291,34,Other,66.41,5125.59,6,85,283.81,7,4,3,88,True,Unsubscribed,True
292,26,Female,153.24,1722.71,2,5,457.4,4,1,2,81,False,Unsubscribed,True
293,19,Female,133.1,3722.33,19,60,471.97,9,3,3,128,True,Ignored,True
294,35,Female,158.56,7459.07,1,40,239.12,4,0,4,346,True,Unsubscribed,False
295,66,Male,158.41,4302.6,13,81,474.71,3,0,1,92,True,Ignored,True
296,53,Other,174.18,8088.82,14,83,305.59,8,0,2,16,True,Responded,False
297,45,Male,149.66,7216.28,3,79,210.42,7,2,3,25,False,Ignored,False
298,58,Female,196.22,9434.11,19,88,442.58,9,1,5,258,False,Responded,True
299,54,Other,181.79,5388.14,17,53,215.65,2,0,3,181,True,Responded,True
300,66,Male,125.61,8041.26,4,49,186.57,8,2,5,267,True,Responded,True
301,43,Other,125.87,3296.78,13,31,411.17,9,3,5,330,False,Unsubscribed,False
302,21,Male,26.17,3522.88,9,4,487.78,1,3,1,330,True,Unsubscribed,False
303,57,Female,199.73,4065.05,4,11,334.83,2,1,5,130,True,Responded,False
304,53,Other,43.68,4168.07,10,33,168.63,5,2,2,75,True,Unsubscribed,False
305,68,Female,153.26,1122.21,13,22,419.47,3,4,4,42,True,Unsubscribed,False
306,48,Female,167.78,5239.08,18,42,457.81,1,3,3,107,True,Ignored,True
307,47,Other,87.15,1058.35,12,98,83.04,6,2,2,30,True,Ignored,True
308,67,Other,55.43,8908.65,16,19,161.62,1,1,5,77,True,Responded,True
309,51,Male,37.78,712.26,1,98,312.37,8,3,2,193,False,Ignored,False
310,36,Male,154.75,4551.97,14,52,172.97,5,2,2,350,False,Responded,True
311,35,Female,101.48,2918.47,7,77,312.85,9,4,1,67,False,Unsubscribed,False
312,47,Male,148.47,1633.21,5,64,415.34,3,4,5,70,False,Unsubscribed,True
313,38,Other,184.77,7859.98,2,53,77.86,3,1,2,17,False,Responded,False
314,20,Other,46.39,7177.83,4,67,315.85,7,3,3,15,True,Unsubscribed,True
315,23,Other,185.45,1544.88,10,90,335.05,6,1,1,11,False,Ignored,False
316,55,Female,94.09,6364.38,15,95,438.16,4,4,2,133,False,Ignored,True
317,30,Male,74.95,7946.3,19,52,359.32,5,1,3,7,True,Responded,False
318,62,Male,189.75,7755.99,15,93,396.61,5,3,3,109,True,Ignored,True
319,20,Male,198.32,1013.57,19,42,91.1,2,3,5,152,True,Ignored,False
320,65,Male,55.8,6886.58,10,18,74.91,3,2,2,86,False,Unsubscribed,True
321,45,Male,138.23,7188.64,3,15,453.21,8,2,5,261,True,Responded,True
322,39,Male,39.17,8635.45,11,60,91.1,5,0,3,56,True,Responded,True
323,57,Male,137.16,5129.64,18,61,191.48,9,2,2,105,False,Unsubscribed,False
324,57,Female,168.92,4664.83,2,14,397.18,3,0,5,258,True,Responded,True
325,29,Male,143.21,9654.65,18,98,39.62,4,2,5,206,False,Unsubscribed,False
326,40,Male,95.12,7985.47,15,23,264.81,9,3,4,172,False,Responded,True
327,48,Male,88.95,5631.44,16,62,277.49,6,3,1,42,True,Responded,True
328,35,Female,90.76,3373.11,19,89,11.99,2,1,3,351,True,Responded,False
329,24,Male,126.15,8467.86,19,31,202.64,8,3,3,105,True,Unsubscribed,True
330,25,Female,178.68,4608.82,12,11,454.51,5,3,5,78,True,Unsubscribed,True
331,36,Female,187.23,1017.58,6,4,218.86,5,0,3,348,False,Unsubscribed,False
332,46,Female,29.64,4603.55,12,32,457.61,8,1,3,40,True,Ignored,False
333,61,Other,52.69,8732.49,7,33,164.72,9,3,2,263,False,Responded,False
334,37,Male,40.2,4537.99,10,14,257.61,9,3,4,297,True,Ignored,True
335,67,Other,54.8,242.06,12,50,423.09,8,4,2,18,True,Ignored,False
336,59,Male,82.39,6153.7,16,40,490.91,7,3,2,131,False,Responded,True
337,47,Female,111.18,9958.72,13,1,382.0,1,4,3,107,True,Unsubscribed,True
338,64,Female,133.3,8190.76,13,25,178.39,9,2,3,196,False,Responded,True
339,39,Male,151.79,6210.66,14,85,163.83,6,2,3,253,False,Ignored,False
340,27,Male,180.22,9152.55,6,44,37.97,8,3,2,126,True,Unsubscribed,True
341,43,Female,198.04,8154.46,19,91,109.43,7,1,2,43,False,Responded,False
342,68,Male,139.31,5036.53,10,92,382.27,8,3,4,217,False,Responded,True
343,50,Male,172.17,5953.08,9,88,213.27,5,2,5,125,False,Responded,False
344,45,Other,160.05,7339.8,9,91,86.7,7,4,2,334,False,Responded,False
345,27,Female,75.36,8479.62,9,74,155.82,0,4,3,4,False,Unsubscribed,True
346,46,Other,177.62,675.95,1,98,298.51,8,2,2,83,True,Unsubscribed,False
347,61,Female,27.7,7770.56,1,91,478.73,8,3,1,342,True,Unsubscribed,False
348,35,Other,20.07,4530.28,13,42,480.12,3,2,2,232,False,Unsubscribed,True
349,59,Male,69.27,6641.91,19,32,65.88,2,2,2,102,True,Unsubscribed,True
350,18,Male,103.18,7669.87,16,41,125.77,5,4,1,188,True,Unsubscribed,False
351,40,Female,134.91,5441.07,13,96,303.47,7,4,4,280,True,Ignored,True
352,34,Female,38.32,1669.3,18,9,456.91,7,2,2,335,True,Ignored,False
353,60,Female,141.14,4154.32,10,50,490.93,6,4,1,82,False,Unsubscribed,False
354,54,Other,164.33,861.04,14,37,366.29,0,3,1,89,True,Unsubscribed,False
355,48,Female,53.36,6924.08,3,82,211.7,3,3,1,355,True,Unsubscribed,True
356,42,Male,94.72,9541.69,1,95,437.67,2,0,4,15,True,Ignored,True
357,21,Female,113.6,7973.0,10,2,215.47,9,2,1,133,True,Unsubscribed,False
358,69,Male,101.33,3958.89,7,59,336.76,4,1,5,121,True,Unsubscribed,True
359,26,Other,163.97,5884.49,4,30,249.92,5,3,3,31,True,Ignored,True
360,45,Male,192.89,3111.59,7,81,391.94,9,4,5,93,True,Unsubscribed,True
361,47,Male,163.81,5456.35,2,85,370.44,1,2,2,182,True,Responded,True
362,64,Other,34.04,3077.2,2,9,201.44,9,1,4,227,False,Ignored,True
363,41,Male,164.89,7409.42,6,37,59.4,1,1,4,338,False,Ignored,False
364,50,Other,31.99,2667.48,2,94,476.37,0,1,4,290,False,Ignored,True
365,37,Other,62.47,9643.8,2,60,460.12,4,1,2,35,True,Ignored,False
366,26,Other,47.56,6653.29,4,16,99.12,4,3,1,186,False,Ignored,True
367,25,Male,55.55,780.9,6,14,109.62,0,0,2,150,False,Ignored,False
368,41,Other,115.1,206.7,19,26,395.98,2,4,1,82,False,Ignored,False
369,31,Female,140.9,9970.76,2,81,395.51,3,3,1,15,False,Ignored,False
370,35,Male,104.66,2283.01,4,51,483.09,0,0,5,353,True,Ignored,False
371,18,Male,192.75,3194.37,14,12,498.82,8,3,1,236,False,Unsubscribed,True
372,29,Female,63.25,2163.3,3,47,254.2,2,4,2,25,True,Responded,True
373,46,Female,157.37,9288.21,16,3,480.58,8,3,1,353,True,Responded,False
374,54,Female,176.63,6554.93,12,34,409.83,8,4,2,256,True,Responded,True
375,43,Female,121.17,5093.42,2,93,380.62,5,2,4,255,True,Unsubscribed,False
376,50,Other,102.12,5620.74,10,91,189.32,9,3,5,261,True,Responded,False
377,60,Male,127.31,3246.94,10,42,426.69,2,2,1,257,False,Ignored,False
378,32,Male,97.19,6180.33,12,2,460.36,6,3,4,81,True,Unsubscribed,True
379,40,Female,119.93,4254.04,17,27,369.66,0,2,4,291,False,Unsubscribed,False
380,46,Other,95.05,2072.36,10,73,326.78,4,2,2,338,True,Ignored,True
381,38,Other,92.08,6600.39,1,84,323.8,6,2,4,100,False,Unsubscribed,True
382,36,Female,145.16,3801.02,5,28,86.28,5,1,4,122,True,Ignored,True
383,22,Female,36.71,7872.16,12,23,117.76,7,0,1,73,False,Ignored,False
384,40,Female,49.98,4212.41,4,90,122.18,6,0,3,94,False,Unsubscribed,False
385,53,Female,173.22,5131.89,13,89,89.71,8,2,1,28,False,Unsubscribed,True
386,37,Other,158.79,7895.92,3,85,244.22,1,1,3,74,False,Ignored,True
387,25,Male,70.66,4533.99,1,37,42.79,0,1,4,182,True,Responded,True
388,26,Other,87.91,9665.59,5,25,150.84,9,4,3,166,True,Ignored,True
389,31,Male,186.68,7950.98,11,31,405.64,8,1,4,182,False,Ignored,True
390,23,Male,167.25,8281.66,4,13,463.17,4,2,1,53,False,Ignored,True
391,18,Male,130.58,9543.81,12,53,434.05,4,4,2,150,False,Unsubscribed,False
392,26,Other,59.87,3949.62,10,57,165.41,5,0,3,150,True,Responded,False
393,33,Female,27.97,5842.79,6,93,269.36,4,0,5,173,False,Unsubscribed,False
394,33,Female,97.63,6966.56,2,69,467.5,1,3,2,300,True,Responded,True
395,29,Other,141.07,6767.24,4,66,287.67,3,2,3,164,True,Responded,True
396,22,Other,169.13,9534.07,11,70,135.06,5,3,4,361,True,Unsubscribed,True
397,57,Male,173.48,2954.65,17,45,345.45,3,0,4,29,False,Responded,True
398,46,Other,25.9,2984.48,2,86,320.2,7,1,4,89,False,Unsubscribed,True
399,63,Male,63.95,9188.24,4,25,50.02,8,4,4,133,True,Responded,True
400,44,Other,81.04,8013.13,14,9,387.38,9,3,4,66,True,Ignored,False
401,28,Female,53.97,2113.23,5,31,54.19,1,2,1,282,True,Unsubscribed,True
402,64,Female,164.54,5743.46,9,33,317.99,1,0,3,25,False,Ignored,True
403,67,Female,158.14,7483.06,6,86,348.35,2,0,2,165,True,Ignored,True
404,45,Other,113.03,3595.06,11,68,300.67,2,4,3,339,False,Unsubscribed,False
405,69,Male,196.93,4400.38,1,58,192.9,7,0,3,299,True,Unsubscribed,False
406,53,Female,45.93,5796.43,4,85,306.82,9,3,1,16,False,Unsubscribed,True
407,59,Male,181.94,4724.37,9,82,280.77,5,0,1,41,False,Unsubscribed,False
408,36,Female,40.96,7555.12,14,18,301.65,6,0,4,360,True,Unsubscribed,True
409,52,Male,49.37,158.79,1,76,406.78,0,4,4,1,True,Unsubscribed,False
410,69,Other,145.32,4402.86,11,19,414.73,8,1,3,141,False,Responded,False
411,48,Other,39.72,3442.06,6,36,380.8,9,2,1,258,False,Unsubscribed,False
412,61,Male,121.85,6130.72,9,59,246.33,5,2,2,49,True,Unsubscribed,False
413,36,Other,95.64,7781.99,14,86,183.99,4,3,3,189,True,Responded,True
414,63,Male,151.13,853.84,3,44,440.36,5,2,1,204,True,Ignored,True
415,41,Other,182.12,1664.79,1,64,439.61,2,4,3,126,True,Unsubscribed,True
416,19,Other,158.58,6684.31,13,99,408.68,6,4,1,76,False,Ignored,True
417,24,Male,172.94,7410.18,8,98,443.33,5,0,3,236,True,Responded,False
418,60,Female,25.93,5923.2,17,74,203.68,6,0,2,195,True,Ignored,True
419,66,Female,75.84,9829.75,16,28,271.88,6,3,1,213,False,Ignored,False
420,48,Female,112.78,5044.67,18,88,289.25,1,1,5,154,True,Unsubscribed,False
421,34,Male,94.87,1449.29,1,64,361.78,2,0,4,293,False,Ignored,False
422,44,Female,61.63,6894.28,1,52,393.26,3,4,1,257,True,Responded,True
423,53,Other,75.42,6060.55,12,60,285.47,2,0,3,227,False,Ignored,False
424,67,Female,190.18,5945.17,11,37,452.34,5,3,4,337,False,Unsubscribed,True
425,60,Other,72.95,5503.95,7,49,120.08,9,3,3,345,True,Unsubscribed,True
426,27,Female,83.7,9397.05,19,98,210.25,2,0,1,185,False,Ignored,True
427,62,Female,20.67,1378.65,2,12,38.07,9,1,3,24,True,Responded,True
428,31,Male,172.11,824.65,6,73,491.14,2,2,1,342,True,Unsubscribed,False
429,24,Other,47.87,1625.76,18,94,402.65,3,4,1,174,False,Responded,False
430,56,Other,56.75,2525.4,11,34,70.53,0,1,4,145,True,Unsubscribed,True
431,57,Other,65.95,5970.17,13,48,173.63,0,3,1,60,True,Ignored,False
432,26,Female,179.23,6163.01,10,15,271.82,9,4,2,70,True,Responded,True
433,31,Female,57.16,2402.76,18,95,155.33,5,4,5,13,True,Unsubscribed,True
434,25,Male,163.55,4943.33,4,32,67.77,7,2,2,259,True,Responded,False
435,34,Male,165.45,4872.41,9,88,303.37,3,3,1,172,True,Responded,False
436,40,Male,186.86,4585.8,3,64,119.58,9,2,5,50,True,Responded,False
437,33,Female,40.8,8055.1,11,44,320.13,9,2,3,99,True,Ignored,True
438,43,Male,59.11,4769.76,7,22,348.52,0,1,3,64,False,Ignored,True
439,26,Other,153.72,7607.82,1,3,408.91,5,3,2,249,False,Ignored,True
440,53,Male,55.28,1748.16,5,27,228.83,4,3,4,163,True,Responded,False
441,24,Female,71.54,5366.48,5,10,352.17,1,1,5,288,True,Ignored,True
442,35,Male,50.01,8258.64,13,2,27.22,0,3,5,56,True,Unsubscribed,False
443,25,Other,51.09,1859.39,1,57,319.16,0,1,4,84,False,Ignored,True
444,38,Other,106.68,4702.73,4,68,222.93,0,3,3,295,False,Responded,True
445,43,Other,39.74,6129.89,8,82,406.44,4,0,1,187,True,Unsubscribed,False
446,20,Female,77.91,1929.27,18,2,494.07,9,3,3,313,False,Unsubscribed,True
447,34,Other,96.79,7591.98,12,31,153.29,4,0,1,64,False,Unsubscribed,True
448,68,Male,24.42,882.06,3,35,448.28,0,2,3,88,True,Responded,True
449,63,Male,89.9,9469.51,13,98,61.94,8,2,5,74,True,Responded,True
450,41,Other,36.94,4735.39,17,48,231.67,7,2,5,63,False,Responded,True
451,42,Female,108.84,3427.62,3,49,350.69,1,4,1,151,False,Ignored,False
452,22,Other,168.63,1256.39,13,11,432.93,8,2,3,339,False,Responded,False
453,54,Male,167.32,4382.71,10,7,118.39,9,0,1,304,False,Unsubscribed,True
454,62,Male,34.48,6632.06,4,6,251.39,6,1,1,306,True,Responded,True
455,67,Other,128.22,1035.42,1,43,488.2,4,1,3,315,True,Unsubscribed,False
456,41,Female,170.23,3132.06,14,71,371.26,8,4,1,354,False,Responded,False
457,48,Male,62.84,8376.57,6,39,203.06,9,3,1,120,False,Unsubscribed,False
458,43,Female,157.15,6497.19,19,6,253.8,6,2,3,239,True,Unsubscribed,True
459,38,Other,180.34,2143.09,4,61,460.63,4,3,2,338,False,Unsubscribed,True
460,51,Male,165.1,1693.01,11,31,248.53,7,1,2,349,False,Unsubscribed,False
461,55,Male,39.31,9054.4,13,60,38.46,0,0,4,62,False,Ignored,True
462,41,Male,21.63,2941.5,10,9,110.3,4,4,2,206,True,Ignored,False
463,45,Male,54.51,1877.05,17,64,11.84,3,4,3,154,False,Ignored,False
464,47,Male,68.69,9999.64,7,82,245.31,4,4,1,35,False,Responded,False
465,51,Male,130.91,3161.0,13,87,486.97,9,2,3,14,False,Unsubscribed,False
466,69,Other,89.17,1334.93,16,4,403.21,9,4,5,219,False,Responded,True
467,69,Male,146.61,4671.4,7,16,30.23,6,0,3,34,True,Unsubscribed,True
468,40,Male,83.55,4400.02,18,95,466.12,1,0,2,338,True,Unsubscribed,False
469,25,Other,47.8,9275.34,7,7,64.55,3,4,4,185,True,Ignored,True
470,59,Male,76.28,1428.63,6,94,21.27,2,1,1,242,False,Ignored,True
471,67,Male,179.18,1002.25,13,23,113.68,8,1,1,182,False,Responded,False
472,27,Other,192.54,1020.49,3,11,255.08,5,4,2,241,True,Responded,False
473,18,Male,57.35,9052.45,1,29,48.1,0,2,4,53,False,Ignored,True
474,37,Male,161.92,4548.75,18,8,392.86,6,1,5,363,False,Unsubscribed,True
475,54,Other,69.2,1591.0,11,92,18.57,7,4,4,101,True,Unsubscribed,True
476,35,Male,179.68,5978.92,1,84,116.9,8,0,4,327,True,Responded,True
477,38,Other,49.8,5422.47,5,3,303.22,2,3,2,209,False,Responded,True
478,66,Male,139.87,2064.23,9,72,211.18,8,1,4,158,True,Responded,False
479,21,Male,35.16,6070.08,19,77,235.6,6,2,1,143,True,Ignored,False
480,60,Other,195.3,3468.29,14,52,338.29,4,3,4,292,True,Responded,True
481,19,Female,146.11,2459.87,8,20,186.22,8,3,2,226,False,Unsubscribed,True
482,38,Other,171.53,5152.97,9,95,127.92,5,2,4,10,True,Unsubscribed,True
483,54,Female,122.0,2987.33,17,31,459.93,9,2,4,94,False,Ignored,True
484,22,Female,105.82,2299.19,11,28,179.14,4,4,1,323,False,Unsubscribed,True
485,34,Male,131.94,8809.25,16,16,244.23,7,0,1,79,True,Unsubscribed,False
486,66,Other,115.17,1642.05,17,48,411.78,0,2,2,136,False,Unsubscribed,False
487,65,Female,104.49,2877.84,2,24,320.07,4,2,3,258,False,Responded,False
488,28,Female,156.7,3922.77,3,59,314.01,8,3,1,235,True,Unsubscribed,False
489,63,Female,52.08,2809.02,17,95,323.02,1,1,2,238,True,Unsubscribed,False
490,58,Female,50.81,2186.04,12,84,407.08,1,1,4,203,True,Unsubscribed,False
491,48,Other,97.73,7734.35,16,9,267.67,7,2,1,143,True,Ignored,False
492,45,Male,77.73,3357.26,16,14,47.17,9,0,5,341,False,Unsubscribed,True
493,61,Male,33.34,1213.88,6,39,336.1,8,2,2,93,True,Responded,False
494,49,Female,172.0,5454.86,3,39,90.85,7,0,5,177,False,Unsubscribed,True
495,38,Male,158.89,1342.34,13,3,416.07,5,3,1,230,False,Unsubscribed,True
496,24,Female,117.91,3639.44,13,43,86.71,5,4,5,363,True,Responded,True
497,27,Male,196.28,8830.08,15,52,478.66,9,3,3,327,True,Ignored,False
498,45,Male,33.07,3754.7,2,69,358.07,4,4,1,237,False,Unsubscribed,True
499,65,Other,158.0,6361.84,12,39,139.06,8,3,4,117,False,Ignored,False
500,53,Female,67.95,5194.79,15,70,111.66,1,2,2,112,True,Unsubscribed,False
501,37,Other,86.35,1463.48,15,60,440.35,7,2,5,332,False,Unsubscribed,True
502,30,Male,59.47,6525.79,12,64,122.99,1,0,3,279,True,Ignored,True
503,36,Female,162.03,8574.75,7,54,211.81,9,2,5,23,False,Responded,False
504,67,Female,45.96,1022.8,3,63,235.56,5,1,1,23,False,Ignored,True
505,28,Female,171.2,7561.43,10,34,70.94,1,2,5,114,False,Unsubscribed,False
506,52,Female,139.08,6933.09,11,89,370.38,3,1,2,355,False,Ignored,False
507,51,Female,30.62,8679.94,18,93,62.76,0,3,5,144,False,Unsubscribed,False
508,61,Female,165.98,1130.51,7,86,428.63,2,3,5,254,False,Unsubscribed,False
509,21,Male,133.0,3126.38,7,45,270.56,7,4,4,157,True,Ignored,True
510,30,Female,182.9,6973.49,12,15,312.18,9,4,3,153,True,Unsubscribed,True
511,54,Male,154.77,317.98,17,69,416.14,4,2,5,311,False,Ignored,True
512,19,Other,121.0,7367.35,14,82,174.76,9,2,4,332,True,Responded,True
513,67,Male,170.58,8593.99,15,80,482.92,1,4,5,298,True,Unsubscribed,True
514,18,Other,70.05,4587.71,8,26,309.78,2,2,5,264,False,Responded,True
515,57,Female,118.45,4399.87,17,64,70.88,3,1,3,38,True,Ignored,True
516,42,Male,72.85,2856.84,7,37,151.01,6,3,5,349,False,Unsubscribed,True
517,54,Male,194.28,150.01,9,13,253.17,8,0,3,264,True,Responded,False
518,53,Male,60.72,1944.4,16,39,345.53,5,0,5,182,True,Ignored,False
519,23,Other,22.83,9800.65,3,60,109.06,6,3,3,129,True,Unsubscribed,True
520,24,Female,78.65,8686.13,11,94,219.21,1,0,5,236,False,Ignored,True
521,21,Male,110.45,2738.4,10,31,62.76,0,0,3,358,True,Ignored,True
522,52,Other,25.11,9641.11,11,99,98.47,0,1,1,221,True,Unsubscribed,True
523,58,Male,120.66,3740.35,9,84,381.48,1,3,5,127,False,Ignored,True
524,51,Male,177.37,3046.1,11,84,308.59,5,4,4,158,True,Responded,True
525,46,Male,146.85,1612.8,11,32,231.6,7,3,5,69,False,Ignored,True
526,22,Male,132.13,9025.95,18,76,13.5,7,2,5,10,True,Unsubscribed,True
527,44,Other,192.07,9871.23,4,8,42.4,0,2,4,136,True,Ignored,False
528,50,Female,192.49,3341.37,5,70,384.15,4,3,5,339,True,Unsubscribed,False
529,63,Female,168.37,7063.96,5,78,55.98,4,0,1,95,True,Responded,False
530,69,Male,129.39,3419.5,18,63,387.81,3,1,4,334,False,Ignored,True
531,27,Other,107.8,1139.41,18,99,364.84,8,2,4,110,False,Unsubscribed,False
532,23,Female,22.4,3987.65,16,47,261.73,7,4,3,256,True,Unsubscribed,False
533,51,Female,129.13,5560.54,9,33,185.85,7,1,3,360,False,Responded,False
534,25,Male,198.04,1317.87,2,33,451.11,4,4,4,35,False,Ignored,False
535,48,Male,167.26,8200.9,16,29,96.53,2,0,4,112,True,Responded,True
536,26,Other,81.31,5023.89,10,13,428.96,2,4,5,106,True,Ignored,False
537,38,Female,47.37,2420.39,12,94,384.1,2,4,1,174,True,Unsubscribed,True
538,25,Male,161.13,5968.32,17,75,337.19,4,2,3,236,True,Unsubscribed,True
539,21,Other,153.91,7953.27,16,56,471.76,1,0,2,217,True,Unsubscribed,False
540,39,Other,194.07,3343.48,17,74,498.1,2,4,5,144,False,Unsubscribed,True
541,45,Other,177.47,7044.62,17,50,396.73,4,1,5,336,False,Ignored,False
542,62,Female,120.02,4335.81,3,20,122.1,4,3,1,342,False,Unsubscribed,False
543,21,Female,38.23,9644.11,9,87,345.63,2,3,3,56,True,Responded,True
544,56,Female,107.03,7732.31,2,24,206.19,7,2,2,151,False,Responded,False
545,38,Other,76.47,3627.87,17,31,69.95,3,4,3,147,False,Ignored,False
546,25,Other,112.23,275.7,15,61,425.9,2,1,3,11,True,Ignored,True
547,37,Male,74.31,6609.45,9,53,174.02,1,1,1,256,False,Ignored,False
548,49,Male,175.13,2058.93,2,14,482.58,7,4,5,347,True,Responded,False
549,18,Female,171.98,1306.6,15,32,407.45,0,4,1,27,False,Responded,False
550,23,Female,76.78,9324.59,14,59,402.03,4,0,3,329,True,Unsubscribed,True
551,45,Male,127.92,9999.49,1,17,415.19,4,3,2,9,False,Responded,True
552,61,Female,97.43,2771.9,13,19,209.98,9,4,5,163,True,Ignored,True
553,48,Male,183.64,3087.51,9,2,50.28,5,4,1,349,True,Responded,True
554,27,Male,53.72,1733.39,1,16,497.57,4,1,4,167,True,Responded,False
555,37,Male,145.59,4631.08,1,33,482.43,9,2,2,128,True,Responded,False
556,25,Other,194.67,8671.85,11,79,239.17,3,3,4,361,True,Ignored,False
557,39,Female,51.55,7044.91,12,74,415.96,2,3,3,357,False,Unsubscribed,False
558,55,Other,56.35,8478.68,5,7,243.91,1,3,2,27,False,Unsubscribed,True
559,46,Female,144.87,2361.97,19,68,463.81,5,0,2,143,True,Responded,False
560,26,Other,160.25,7331.52,18,71,206.03,3,3,5,316,False,Unsubscribed,False
561,61,Female,108.3,9193.41,7,80,440.54,5,1,3,161,False,Ignored,True
562,64,Female,129.74,2886.02,19,94,16.34,7,4,1,52,True,Unsubscribed,False
563,18,Male,58.28,6937.47,16,86,177.24,3,1,2,232,True,Responded,False
564,58,Other,105.79,4066.51,10,52,312.07,8,0,1,101,True,Unsubscribed,True
565,69,Other,40.17,2973.24,8,75,428.87,5,0,3,213,True,Responded,True
566,56,Female,77.86,9699.27,3,59,53.46,7,1,3,186,False,Ignored,True
567,43,Other,71.26,3551.47,1,78,46.59,8,2,4,4,True,Unsubscribed,True
568,28,Female,100.03,1167.71,18,92,396.06,3,2,1,125,False,Ignored,False
569,69,Female,187.42,3947.03,7,27,287.39,9,0,1,288,True,Ignored,True
570,52,Male,52.63,4532.02,13,27,74.64,5,2,5,143,True,Unsubscribed,False
571,41,Female,92.25,7546.89,15,69,243.92,5,1,3,258,True,Unsubscribed,True
572,50,Other,130.81,9504.15,15,60,110.27,4,0,3,33,False,Responded,True
573,37,Male,190.38,8188.86,8,30,378.18,3,3,3,247,False,Ignored,False
574,44,Female,43.97,9316.32,10,49,409.65,8,2,3,114,True,Ignored,False
575,32,Male,185.22,4803.1,8,93,225.91,9,2,5,140,True,Unsubscribed,False
576,50,Male,34.59,7221.23,14,62,484.25,8,1,4,306,True,Unsubscribed,True
577,69,Female,106.53,3159.59,2,61,321.34,0,1,3,323,False,Unsubscribed,False
578,24,Other,101.83,788.91,4,16,137.23,4,1,2,262,True,Responded,False
579,51,Female,57.73,3718.19,3,92,42.31,2,2,4,144,True,Ignored,False
580,62,Female,82.54,7009.36,8,41,351.68,5,2,5,24,False,Unsubscribed,True
581,68,Female,101.75,2818.76,3,33,299.1,9,0,4,307,True,Unsubscribed,True
582,63,Female,175.74,8627.92,8,46,178.15,2,2,4,271,True,Unsubscribed,True
583,59,Female,191.91,7928.65,4,15,371.87,5,0,5,235,False,Ignored,True
584,22,Other,113.41,2021.02,1,69,28.98,1,1,2,320,True,Responded,True
585,47,Male,176.62,3375.28,5,90,427.62,9,3,3,149,False,Responded,False
586,45,Other,129.47,8270.5,12,97,103.42,8,2,2,105,True,Responded,True
587,35,Female,82.84,2514.98,16,13,26.23,8,1,3,255,False,Responded,True
588,53,Male,54.95,3382.86,10,45,447.04,3,3,5,52,True,Unsubscribed,False
589,20,Male,94.36,3496.36,7,60,312.78,6,1,1,21,False,Responded,True
590,38,Male,114.11,8030.32,6,43,70.97,2,3,5,223,True,Unsubscribed,False
591,63,Other,28.0,466.6,2,64,317.52,5,2,4,317,False,Unsubscribed,True
592,33,Other,46.25,830.49,6,53,445.63,8,1,3,52,False,Ignored,True
593,54,Other,128.03,5826.67,17,14,296.68,2,2,5,322,True,Ignored,True
594,59,Female,60.5,4031.41,13,53,378.02,5,0,2,215,False,Ignored,False
595,22,Other,170.72,6365.56,15,51,448.87,0,1,1,185,True,Unsubscribed,False
596,67,Other,78.85,2737.97,9,51,458.89,7,3,2,294,True,Responded,False
597,68,Other,38.87,9104.87,12,70,79.83,0,1,2,277,False,Unsubscribed,False
598,31,Male,35.04,7633.32,15,88,379.8,8,4,4,251,True,Ignored,False
599,48,Male,188.68,770.69,3,95,430.53,9,4,3,305,False,Unsubscribed,False
600,63,Female,41.24,7860.66,17,93,491.72,2,0,3,237,False,Ignored,True
601,41,Male,45.36,9698.87,12,55,433.35,4,1,5,298,True,Ignored,False
602,52,Female,175.28,9430.11,5,86,344.63,1,1,4,75,False,Ignored,False
603,53,Male,65.77,7381.29,19,84,144.56,0,3,5,229,True,Ignored,False
604,27,Female,139.87,1323.58,7,89,162.61,1,3,3,228,True,Unsubscribed,True
605,44,Female,167.01,5803.16,2,48,397.19,9,3,4,171,False,Ignored,True
606,44,Male,129.29,2913.9,5,88,213.04,9,1,3,15,False,Responded,True
607,40,Male,192.35,9705.11,8,46,426.4,4,1,4,287,False,Ignored,False
608,30,Other,147.6,7203.11,8,63,240.74,1,4,1,176,False,Ignored,True
609,33,Other,40.3,6146.58,17,11,336.2,8,2,1,193,False,Ignored,False
610,52,Female,120.51,6981.37,3,95,478.25,8,3,3,355,False,Responded,True
611,44,Female,149.27,4435.99,13,97,114.02,9,2,4,6,True,Unsubscribed,False
612,69,Female,164.35,3790.09,6,86,151.36,2,2,5,315,True,Ignored,False
613,56,Male,24.74,9364.42,13,55,230.46,1,0,1,180,True,Unsubscribed,True
614,64,Male,149.4,3386.08,14,95,395.17,6,1,5,207,False,Responded,False
615,34,Other,168.62,510.22,17,7,411.83,2,1,1,225,False,Unsubscribed,True
616,65,Male,154.43,4068.32,7,26,411.11,5,4,3,257,False,Ignored,False
617,58,Female,112.22,7924.37,16,6,170.63,3,1,5,68,False,Responded,False
618,18,Other,102.44,6519.84,1,56,53.4,1,0,4,77,True,Ignored,False
619,28,Male,118.9,9625.49,18,96,82.88,7,1,1,90,False,Unsubscribed,False
620,29,Female,146.84,1151.4,5,48,86.17,9,3,4,160,True,Responded,False
621,31,Male,186.12,9124.31,14,28,338.83,8,3,2,260,True,Unsubscribed,False
622,25,Male,131.07,3751.61,1,90,283.56,1,4,5,236,False,Ignored,True
623,48,Male,179.81,4792.63,14,34,98.7,9,3,1,328,False,Responded,False
624,24,Female,146.23,4341.97,5,92,230.9,9,0,4,349,True,Ignored,True
625,63,Female,32.3,1252.88,4,17,259.13,0,1,3,142,False,Unsubscribed,False
626,48,Male,110.15,2553.18,4,17,391.19,2,2,2,176,True,Unsubscribed,False
627,33,Female,71.57,7448.49,3,80,295.46,0,1,2,14,False,Unsubscribed,True
628,59,Male,71.33,327.77,18,95,194.82,0,0,4,143,True,Responded,True
629,56,Other,84.07,1425.49,13,35,475.21,1,1,5,219,False,Unsubscribed,False
630,61,Female,76.65,349.58,4,60,256.26,9,1,3,189,False,Ignored,False
631,36,Male,124.15,8588.14,9,70,432.16,5,3,4,151,True,Unsubscribed,False
632,25,Male,143.05,6211.52,2,73,226.42,4,0,4,111,True,Unsubscribed,True
633,46,Male,68.37,1782.29,16,17,17.33,5,3,4,156,False,Responded,True
634,19,Other,43.36,7710.85,10,52,305.05,4,4,4,241,False,Ignored,False
635,59,Female,30.59,9671.33,9,93,403.19,9,4,4,320,True,Responded,False
636,20,Male,123.64,9352.15,11,6,149.09,2,0,4,29,True,Responded,False
637,68,Male,53.5,9223.32,13,1,356.11,5,0,3,17,False,Responded,True
638,46,Male,21.66,177.32,13,84,237.1,4,4,3,54,False,Unsubscribed,False
639,32,Female,187.0,5931.23,4,24,183.48,6,2,4,116,True,Unsubscribed,False
640,55,Other,116.69,2640.66,13,31,39.46,4,4,3,150,False,Unsubscribed,True
641,45,Other,36.64,5690.01,9,39,184.28,1,1,1,91,True,Responded,True
642,54,Male,171.73,3248.5,10,41,406.3,9,4,1,106,True,Ignored,False
643,49,Male,196.98,1621.3,1,99,399.93,8,4,2,172,True,Unsubscribed,False
644,47,Female,100.75,4500.49,7,82,422.73,6,3,1,192,False,Ignored,True
645,68,Male,27.65,5001.45,9,16,401.46,6,0,2,333,False,Responded,True
646,64,Other,41.16,9898.68,5,75,385.69,7,3,3,63,False,Unsubscribed,True
647,47,Female,88.7,519.64,7,19,418.46,6,3,4,86,False,Responded,True
648,68,Female,179.39,3081.44,13,28,411.62,0,3,4,163,True,Unsubscribed,True
649,51,Male,46.65,8533.75,8,52,118.28,4,1,1,135,True,Responded,True
650,30,Other,168.32,6630.99,4,43,356.56,3,0,3,341,True,Ignored,True
651,50,Female,22.7,8284.16,11,79,498.26,7,4,5,57,True,Ignored,True
652,59,Female,102.33,6636.88,18,48,81.1,9,1,4,294,True,Unsubscribed,False
653,34,Male,135.99,7619.41,18,82,370.36,9,3,3,272,True,Ignored,False
654,20,Other,30.87,4979.93,18,42,461.86,2,1,4,271,True,Ignored,True
655,26,Other,130.66,2128.29,15,4,329.35,9,1,1,355,False,Unsubscribed,True
656,69,Female,189.99,8119.04,10,26,177.58,6,3,5,282,True,Responded,False
657,28,Other,48.85,5721.42,13,89,339.34,0,3,4,106,False,Unsubscribed,False
658,66,Male,151.33,1481.1,13,96,464.61,2,1,3,142,False,Ignored,True
659,44,Male,129.64,8068.45,5,88,468.32,6,1,2,187,True,Ignored,False
660,45,Female,53.32,9590.0,9,80,434.48,8,0,4,172,False,Responded,False
661,19,Female,21.12,3527.02,10,22,282.69,7,0,2,161,False,Ignored,True
662,18,Other,21.67,3005.77,4,61,290.2,1,3,3,83,True,Unsubscribed,True
663,23,Male,115.78,909.57,2,30,480.14,1,3,4,335,True,Unsubscribed,False
664,42,Other,189.7,6678.46,7,23,334.54,0,1,5,295,False,Ignored,False
665,52,Other,135.97,9593.72,14,25,19.91,1,2,1,319,False,Unsubscribed,False
666,33,Female,148.57,1446.33,13,68,145.74,4,0,1,169,True,Responded,True
667,21,Male,108.9,4903.08,6,10,201.35,1,2,3,223,True,Unsubscribed,False
668,64,Male,124.74,1072.56,1,39,248.53,0,1,5,296,True,Responded,False
669,55,Other,42.75,437.69,8,65,158.8,3,4,5,1,True,Ignored,False
670,61,Male,177.83,6678.56,7,80,115.07,8,4,1,162,False,Unsubscribed,True
671,37,Male,156.94,8690.1,7,15,358.19,4,4,2,181,True,Unsubscribed,True
672,42,Other,199.68,3441.95,8,70,92.89,9,4,3,217,False,Responded,False
673,24,Female,73.59,8770.08,19,82,54.64,1,1,5,209,True,Responded,True
674,38,Female,60.86,1258.83,18,59,210.92,4,0,4,265,True,Responded,True
675,24,Female,42.53,2455.81,12,68,407.16,6,0,3,97,False,Unsubscribed,False
676,46,Other,193.56,9025.91,18,84,382.53,4,2,1,194,True,Ignored,True
677,69,Male,160.56,5134.25,6,83,125.83,2,3,4,273,True,Ignored,True
678,24,Other,49.94,6121.1,19,50,140.78,7,4,3,350,False,Responded,False
679,20,Other,119.48,476.38,18,2,493.7,4,0,3,264,True,Unsubscribed,False
680,46,Female,94.48,1371.06,10,8,46.4,2,1,2,94,True,Responded,False
681,46,Male,47.27,652.33,13,9,48.54,5,3,4,166,True,Responded,True
682,56,Female,49.17,9059.51,18,32,54.42,9,2,1,130,True,Ignored,False
683,55,Male,193.42,1434.47,5,15,168.65,2,2,3,177,True,Ignored,True
684,23,Male,74.89,8511.76,1,79,384.28,9,0,2,313,False,Responded,True
685,63,Female,189.46,3575.24,4,21,446.44,6,1,1,170,False,Unsubscribed,True
686,27,Female,33.61,8025.92,13,19,466.88,5,1,4,111,True,Responded,True
687,54,Other,102.94,3713.93,16,36,133.68,8,0,1,360,False,Unsubscribed,True
688,31,Male,43.33,2750.07,6,45,235.49,8,0,4,17,True,Unsubscribed,True
689,39,Male,20.86,1027.24,8,32,55.82,7,0,1,299,False,Responded,False
690,49,Male,119.68,2879.0,15,66,282.55,8,0,4,186,True,Responded,True
691,35,Male,40.5,4767.65,6,91,13.2,8,1,3,126,True,Responded,True
692,53,Male,149.96,8193.34,18,25,235.22,0,1,4,165,True,Unsubscribed,False
693,63,Other,145.66,4579.9,19,39,490.4,1,0,1,283,False,Responded,True
694,69,Male,51.74,9717.21,19,42,78.81,9,1,5,289,False,Unsubscribed,False
695,26,Other,189.51,5462.17,18,96,113.27,9,2,1,21,True,Unsubscribed,True
696,43,Female,149.79,346.96,2,57,146.05,7,1,1,171,False,Unsubscribed,False
697,39,Other,73.63,4212.14,11,76,434.73,8,1,1,190,True,Unsubscribed,False
698,63,Other,147.66,6920.1,18,60,446.1,5,3,5,138,True,Ignored,False
699,55,Other,151.75,2419.49,10,36,473.19,2,1,1,275,True,Unsubscribed,False
700,40,Female,81.6,7016.44,5,76,131.72,8,0,1,338,False,Responded,True
701,34,Male,87.61,5086.6,9,48,232.21,8,0,3,119,False,Responded,True
702,43,Other,84.64,354.8,19,50,197.18,7,0,2,20,True,Responded,False
703,64,Female,130.99,7766.09,6,30,301.97,3,4,5,191,False,Unsubscribed,True
704,55,Other,182.07,5647.7,8,51,155.02,6,1,5,282,True,Responded,True
705,19,Other,51.17,916.69,2,11,416.22,0,3,1,140,False,Unsubscribed,True
706,23,Female,177.54,4804.62,18,43,454.01,5,0,5,292,False,Responded,False
707,24,Other,24.98,2944.2,16,27,450.99,0,0,5,357,True,Unsubscribed,True
708,30,Other,138.86,8808.85,8,76,138.96,9,4,4,180,True,Ignored,True
709,44,Male,94.6,2920.78,17,58,247.4,1,2,2,285,True,Ignored,True
710,28,Female,162.43,9422.7,18,72,273.55,8,4,5,227,True,Ignored,True
711,32,Other,149.82,5506.71,7,97,485.26,3,0,2,95,True,Unsubscribed,True
712,26,Female,106.42,3303.78,9,92,224.58,6,0,5,93,False,Ignored,True
713,25,Female,135.9,8154.1,7,8,44.21,9,1,3,326,True,Ignored,True
714,63,Male,110.32,7004.26,3,56,325.27,4,2,2,88,True,Ignored,False
715,23,Male,166.07,4198.23,6,85,95.49,0,0,4,347,False,Responded,False
716,65,Male,105.7,6333.22,5,18,188.94,3,3,5,277,True,Unsubscribed,False
717,60,Other,114.17,7807.98,3,75,263.86,3,0,1,67,False,Unsubscribed,True
718,21,Other,65.09,8530.42,14,93,481.76,5,4,5,17,False,Responded,True
719,28,Other,128.91,8182.49,18,71,88.23,6,4,5,244,False,Unsubscribed,False
720,68,Other,74.52,1744.16,7,57,427.42,0,1,5,348,True,Responded,False
721,45,Other,123.91,8301.06,11,29,19.2,5,0,2,54,True,Unsubscribed,True
722,43,Other,50.54,680.43,14,17,33.47,4,0,5,200,True,Unsubscribed,True
723,21,Female,48.7,2081.69,16,62,244.94,9,1,2,228,True,Responded,False
724,32,Female,95.07,6266.97,16,69,290.46,0,0,4,166,True,Unsubscribed,False
725,36,Male,96.83,1235.46,4,70,102.61,2,2,3,39,False,Unsubscribed,True
726,23,Other,68.26,6073.14,16,89,100.67,4,1,3,139,True,Responded,True
727,22,Female,43.69,3148.86,8,45,362.66,5,1,3,35,True,Unsubscribed,True
728,35,Male,27.06,4351.72,9,55,161.13,1,2,5,341,False,Ignored,False
729,23,Male,24.54,3220.0,5,33,358.03,0,3,2,271,False,Responded,False
730,48,Male,68.88,794.72,18,77,263.57,7,0,3,31,False,Ignored,True
731,42,Male,103.13,5057.51,13,56,189.8,6,0,4,55,False,Unsubscribed,True
732,21,Female,150.72,9639.63,15,66,32.43,3,3,3,90,False,Ignored,False
733,23,Female,105.48,6156.66,10,13,486.53,8,4,5,167,True,Ignored,False
734,58,Female,182.73,3070.32,5,26,196.21,1,1,1,225,False,Unsubscribed,True
735,54,Male,26.34,9565.88,4,65,396.92,2,1,3,354,False,Unsubscribed,False
736,67,Male,52.52,3953.45,19,70,174.98,6,4,5,276,False,Responded,False
737,42,Other,80.93,7005.43,15,77,449.91,0,2,5,340,True,Unsubscribed,True
738,51,Other,123.95,6377.72,8,31,45.34,5,4,1,230,True,Ignored,True
739,36,Male,173.49,9533.82,5,41,147.88,4,2,3,255,False,Unsubscribed,True
740,51,Female,83.04,9154.57,9,18,267.84,0,1,3,54,False,Unsubscribed,False
741,32,Male,68.24,1565.24,17,29,310.36,5,0,4,201,False,Ignored,True
742,67,Other,31.14,948.29,8,29,325.29,8,2,5,133,True,Responded,True
743,25,Other,167.83,8115.46,14,12,202.03,6,1,3,166,False,Responded,True
744,61,Female,88.34,9058.94,12,94,317.56,2,1,3,359,True,Ignored,False
745,64,Male,122.88,4980.44,9,66,434.45,2,2,2,90,True,Responded,False
746,66,Other,197.04,6938.54,16,1,420.66,3,3,1,247,False,Ignored,True
747,51,Female,20.29,790.9,1,51,133.62,6,2,4,38,True,Responded,False
748,35,Other,46.18,2276.06,1,28,30.38,2,1,1,317,True,Unsubscribed,True
749,47,Female,160.24,1578.82,10,57,127.43,2,0,2,231,False,Unsubscribed,True
750,30,Other,164.92,6051.49,12,80,411.56,7,4,2,117,False,Ignored,False
751,64,Other,158.46,2055.64,3,53,332.87,8,3,2,280,False,Unsubscribed,False
752,50,Male,116.66,692.48,1,17,71.01,6,1,3,122,True,Responded,True
753,52,Female,196.19,3091.85,8,91,90.5,0,0,1,334,True,Responded,False
754,69,Female,91.31,6804.4,16,78,139.92,8,3,1,161,False,Responded,True
755,41,Other,128.35,5820.85,6,26,428.6,0,0,5,21,False,Responded,False
756,43,Male,31.41,3374.18,11,24,205.0,8,1,3,285,True,Unsubscribed,False
757,64,Other,93.77,8351.44,14,61,176.43,0,0,4,114,False,Responded,True
758,68,Other,150.05,2835.06,13,72,120.57,9,1,4,244,True,Responded,False
759,61,Other,62.97,2679.42,4,20,340.22,9,0,5,65,False,Responded,False
760,59,Female,189.89,5643.48,2,66,484.34,4,0,2,338,False,Unsubscribed,False
761,64,Male,143.62,4834.33,3,63,48.88,7,3,3,81,False,Responded,True
762,18,Other,71.76,4515.13,7,41,256.34,7,4,1,214,True,Responded,True
763,30,Other,158.42,1642.28,18,69,452.25,7,3,5,330,True,Unsubscribed,False
764,27,Other,34.97,5096.0,14,16,141.11,0,2,1,117,True,Responded,False
765,36,Female,195.46,2664.29,10,22,176.13,3,2,1,108,True,Unsubscribed,True
766,22,Other,28.87,3982.58,10,20,251.79,2,1,1,323,False,Responded,True
767,25,Female,188.02,7362.35,6,29,78.66,4,0,2,130,False,Ignored,False
768,21,Female,65.51,9374.94,15,98,403.85,5,3,4,130,False,Responded,False
769,66,Female,156.41,7761.24,16,11,133.39,5,0,2,360,True,Responded,True
770,30,Female,20.01,4115.78,8,25,38.82,2,4,2,215,True,Responded,False
771,55,Female,65.76,5971.03,5,26,335.73,4,0,4,127,True,Responded,False
772,63,Male,154.84,7490.33,4,54,277.2,8,1,4,331,True,Ignored,False
773,66,Female,115.82,4200.79,8,8,465.52,0,3,5,133,True,Ignored,False
774,63,Female,40.69,3666.46,10,21,393.49,0,2,2,46,False,Unsubscribed,True
775,36,Other,90.85,1438.91,10,88,27.65,1,4,3,312,True,Unsubscribed,True
776,69,Male,87.6,7388.98,8,63,269.6,4,0,1,88,True,Unsubscribed,True
777,67,Male,122.27,8401.24,12,63,435.24,9,4,3,64,True,Ignored,True
778,25,Other,140.24,3234.19,7,79,18.98,1,4,3,113,True,Ignored,False
779,44,Female,171.35,7856.73,14,16,193.0,3,4,3,329,True,Unsubscribed,True
780,67,Male,109.5,6141.11,3,5,418.21,8,4,4,291,True,Unsubscribed,True
781,64,Female,90.56,7862.42,8,95,132.17,8,3,5,302,True,Ignored,False
782,47,Other,45.92,4172.24,4,97,15.97,3,4,2,164,False,Responded,True
783,21,Male,164.87,7501.01,13,86,176.88,5,4,4,187,False,Unsubscribed,False
784,28,Female,148.41,4144.24,1,2,26.95,8,3,5,189,False,Unsubscribed,True
785,38,Male,93.56,978.7,6,51,458.69,2,1,5,183,False,Unsubscribed,True
786,60,Male,113.32,5550.73,1,24,427.86,3,2,5,24,True,Responded,True
787,19,Female,139.73,4597.85,4,65,216.74,8,2,5,356,False,Ignored,True
788,38,Female,49.67,2603.51,11,15,209.83,0,4,1,121,True,Responded,False
789,34,Male,24.9,8931.92,18,92,489.92,5,4,1,93,False,Responded,True
790,60,Other,77.15,3890.25,17,78,249.74,8,2,4,37,True,Responded,False
791,68,Male,127.21,487.35,9,38,223.98,0,0,2,91,True,Ignored,True
792,46,Other,107.59,3883.14,19,53,206.23,0,0,2,149,False,Ignored,False
793,44,Male,144.66,4302.65,16,99,165.67,0,4,4,216,False,Responded,False
794,41,Female,167.54,8630.21,11,77,178.18,5,2,2,254,True,Responded,True
795,66,Other,107.92,8011.91,6,3,227.75,5,0,4,323,True,Ignored,True
796,20,Other,44.17,2079.67,14,98,462.53,9,0,2,203,False,Unsubscribed,True
797,56,Male,173.11,8406.39,4,79,440.15,7,2,3,126,True,Ignored,False
798,27,Male,123.5,2554.48,5,18,383.76,7,0,1,242,True,Responded,False
799,20,Other,153.19,3485.15,4,45,394.05,8,2,4,292,True,Ignored,True
800,62,Female,146.84,860.5,4,72,217.72,0,3,5,52,True,Responded,True
801,59,Other,194.28,648.03,8,28,295.58,7,4,2,275,True,Ignored,True
802,43,Other,73.16,6840.52,11,24,449.49,2,2,4,275,True,Unsubscribed,True
803,54,Female,146.96,9241.08,9,66,172.13,4,1,3,283,True,Unsubscribed,True
804,44,Female,85.82,4980.87,9,72,204.73,1,2,3,256,True,Ignored,False
805,22,Male,91.17,8456.53,18,58,139.89,6,3,1,59,True,Responded,True
806,59,Male,61.51,7958.14,18,76,32.02,7,1,4,290,False,Unsubscribed,True
807,28,Male,81.92,6680.32,6,58,17.95,9,0,4,168,True,Responded,False
808,30,Female,190.69,9784.47,17,11,143.49,2,1,2,340,True,Unsubscribed,True
809,58,Other,72.66,8041.66,4,9,471.18,6,1,5,340,True,Ignored,False
810,51,Female,64.28,2820.96,19,15,168.88,3,0,3,5,True,Ignored,True
811,55,Male,124.96,7911.24,4,94,445.4,3,1,5,204,False,Unsubscribed,True
812,57,Other,66.45,6957.35,17,96,67.88,9,0,3,102,False,Ignored,False
813,50,Male,105.21,4055.25,1,27,340.59,6,1,2,86,True,Ignored,False
814,51,Other,170.15,860.29,16,52,171.0,9,0,1,6,False,Ignored,False
815,44,Female,61.47,2222.16,3,42,447.32,9,2,4,143,False,Unsubscribed,True
816,53,Male,96.8,7992.66,12,81,351.89,1,3,3,79,True,Responded,True
817,43,Female,129.89,2560.0,19,42,177.64,5,3,3,75,True,Responded,False
818,68,Female,118.21,9978.79,1,46,248.89,4,1,4,146,False,Ignored,False
819,42,Female,195.45,6970.48,14,96,124.97,3,3,1,110,True,Responded,True
820,36,Other,142.47,4824.5,9,27,24.75,9,3,3,216,False,Responded,False
821,38,Female,153.19,5747.32,2,70,41.72,4,1,5,195,True,Responded,False
822,48,Female,194.05,6147.64,16,78,407.77,1,0,2,215,True,Unsubscribed,False
823,46,Other,94.6,9692.55,7,10,372.39,9,4,1,317,True,Responded,False
824,26,Female,83.97,1701.24,7,22,336.32,0,2,5,147,False,Responded,False
825,36,Female,27.9,2796.72,13,3,457.44,1,3,3,209,False,Responded,False
826,43,Female,53.16,7124.95,19,33,133.67,0,1,1,120,False,Ignored,True
827,42,Other,62.69,2474.59,19,69,18.85,0,0,4,49,False,Ignored,True
828,57,Other,53.03,8725.84,18,41,458.2,5,1,1,323,True,Ignored,False
829,60,Male,155.86,3530.69,6,7,493.42,9,4,3,329,False,Ignored,True
830,46,Female,116.46,1890.31,15,66,91.9,4,3,2,214,True,Unsubscribed,True
831,42,Other,140.17,571.45,3,54,334.31,5,4,5,100,True,Ignored,True
832,36,Female,167.68,5996.39,2,53,59.61,2,0,4,298,True,Ignored,True
833,21,Other,61.54,8270.29,7,63,37.1,0,2,1,80,False,Unsubscribed,False
834,62,Other,78.67,2810.55,19,64,187.7,6,3,2,180,True,Unsubscribed,True
835,37,Other,147.5,9183.64,10,77,59.29,4,0,2,117,False,Unsubscribed,False
836,63,Male,90.7,7601.57,6,59,64.48,4,1,5,87,True,Responded,False
837,18,Female,25.27,706.88,18,46,252.05,2,1,1,346,False,Unsubscribed,True
838,28,Other,98.29,5769.07,5,87,269.64,8,2,1,328,False,Responded,True
839,21,Female,183.49,5717.67,2,77,202.92,9,2,5,217,True,Unsubscribed,False
840,24,Other,93.62,2103.49,5,17,335.88,6,3,2,300,True,Ignored,True
841,45,Female,79.8,3411.99,8,68,493.48,7,0,1,16,False,Unsubscribed,False
842,53,Female,198.11,4636.96,5,87,422.51,7,0,4,240,False,Unsubscribed,True
843,24,Other,135.99,575.97,16,25,384.44,6,2,3,332,True,Unsubscribed,False
844,37,Female,85.88,1582.79,3,6,213.99,6,4,1,24,True,Responded,False
845,52,Male,38.36,1723.64,13,85,171.63,0,2,4,171,True,Ignored,False
846,68,Male,161.81,3854.43,6,11,289.94,7,2,2,90,True,Unsubscribed,True
847,68,Female,147.45,7498.84,4,61,161.04,5,1,5,97,True,Responded,True
848,56,Female,185.94,8329.91,10,90,93.27,8,2,4,232,True,Ignored,False
849,38,Other,59.11,1712.21,18,27,435.43,9,4,4,147,False,Unsubscribed,True
850,61,Other,40.69,7543.87,18,26,69.15,9,1,1,306,True,Unsubscribed,False
851,18,Female,150.33,6740.03,12,95,492.33,8,1,5,301,True,Responded,True
852,54,Female,56.61,8917.81,3,26,137.1,0,4,5,204,False,Responded,True
853,63,Female,51.7,9691.03,12,70,371.25,8,4,4,44,True,Unsubscribed,True
854,59,Female,77.57,1332.16,12,28,39.94,7,1,4,291,True,Ignored,False
855,20,Male,167.03,898.67,2,65,403.54,4,1,2,28,True,Responded,False
856,51,Female,117.12,8017.33,18,34,262.73,0,1,1,329,False,Ignored,False
857,30,Other,28.25,1705.49,2,3,484.09,0,4,5,265,False,Responded,True
858,33,Male,103.5,2026.29,2,74,251.24,7,0,3,336,False,Unsubscribed,True
859,51,Female,143.12,8832.16,8,79,391.06,5,3,4,78,True,Unsubscribed,False
860,41,Other,116.91,9395.75,1,62,123.93,0,3,3,55,True,Unsubscribed,True
861,30,Male,123.04,3252.87,13,40,180.63,7,2,4,302,False,Responded,True
862,23,Female,60.46,8437.46,18,24,396.44,2,4,5,53,False,Ignored,True
863,56,Female,172.59,8602.68,8,53,437.66,2,1,1,126,True,Ignored,False
864,19,Female,121.05,6093.37,13,70,62.14,0,0,3,233,True,Responded,False
865,28,Female,148.38,5704.28,7,35,348.69,6,2,2,187,True,Responded,True
866,24,Male,196.74,5800.8,3,96,490.41,6,2,5,212,False,Ignored,True
867,24,Other,97.08,3082.76,10,3,473.96,7,1,3,121,False,Responded,False
868,56,Female,178.59,6226.78,19,79,188.52,2,4,4,255,False,Responded,True
869,56,Male,21.31,2511.44,13,28,156.42,1,3,1,305,True,Responded,True
870,29,Male,26.01,1858.56,19,28,75.91,9,0,4,348,False,Unsubscribed,True
871,68,Other,126.25,4188.21,8,65,493.85,5,1,1,22,False,Responded,True
872,39,Male,76.06,7087.23,18,86,386.73,4,0,4,145,True,Unsubscribed,False
873,68,Male,64.69,6252.13,15,18,316.64,3,4,3,167,False,Unsubscribed,False
874,68,Other,70.03,9652.33,7,73,265.29,9,4,2,197,True,Unsubscribed,True
875,69,Male,77.31,6499.91,7,9,405.13,7,2,4,352,False,Responded,True
876,20,Male,151.21,1499.01,3,46,329.31,5,1,3,280,False,Responded,True
877,30,Other,122.46,1696.06,18,14,248.93,5,2,3,174,True,Ignored,False
878,47,Male,162.03,1021.36,14,21,226.41,4,2,4,228,False,Responded,True
879,27,Other,169.44,1992.62,17,22,195.51,4,0,2,18,False,Responded,True
880,69,Female,171.73,6019.71,9,88,485.23,3,1,1,109,True,Unsubscribed,False
881,26,Female,94.64,8399.04,10,2,458.25,9,1,3,290,False,Responded,True
882,23,Female,95.83,8949.29,8,39,173.6,5,4,3,25,True,Responded,True
883,61,Female,186.73,4060.43,19,57,41.79,5,3,3,335,False,Responded,True
884,19,Male,139.12,5629.97,2,76,86.21,9,1,3,229,True,Ignored,True
885,61,Female,34.48,8111.08,12,25,302.13,3,2,4,158,False,Unsubscribed,False
886,33,Other,117.59,3189.5,4,94,364.83,3,1,1,107,False,Ignored,False
887,30,Other,84.08,5997.12,3,32,432.95,3,3,4,309,True,Unsubscribed,True
888,65,Other,197.74,1823.42,1,22,455.76,6,0,2,286,False,Responded,False
889,30,Other,22.46,4817.75,15,93,468.06,9,4,1,119,False,Ignored,True
890,39,Female,130.19,1813.42,1,77,489.09,2,4,5,288,True,Ignored,False
891,36,Other,150.25,4678.02,9,93,391.7,6,1,2,68,True,Unsubscribed,True
892,43,Female,72.0,4028.51,5,66,369.27,7,0,4,119,False,Responded,True
893,31,Other,195.26,4389.32,19,96,176.8,4,1,3,141,True,Responded,False
894,48,Other,174.72,2512.75,6,55,465.16,6,4,4,228,False,Unsubscribed,False
895,46,Female,184.82,1446.83,8,11,77.34,4,0,4,149,False,Responded,True
896,62,Female,23.46,2829.09,3,93,276.98,8,1,4,39,True,Responded,True
897,59,Male,122.58,2471.84,2,49,231.51,0,4,2,306,False,Responded,False
898,39,Male,73.04,7369.53,14,22,446.24,8,1,5,301,False,Ignored,True
899,24,Male,172.83,7198.05,11,76,324.79,8,2,3,285,False,Responded,True
900,54,Other,133.91,5886.38,18,5,198.7,2,3,3,137,True,Ignored,False
901,66,Other,117.0,1004.2,7,79,55.98,6,2,4,211,True,Responded,False
902,58,Other,40.63,5705.99,1,54,151.46,3,0,4,139,False,Ignored,False
903,44,Male,117.24,884.45,8,56,258.95,6,2,4,82,True,Unsubscribed,True
904,48,Male,133.74,279.91,6,43,203.65,2,4,4,234,False,Ignored,False
905,23,Male,192.06,3590.7,11,96,475.03,4,4,2,345,True,Unsubscribed,True
906,33,Other,125.31,2481.39,10,44,302.68,2,1,2,58,False,Responded,False
907,55,Female,194.13,5987.01,2,73,356.43,5,2,1,55,True,Responded,True
908,55,Male,193.09,9293.56,1,23,301.86,0,0,1,141,True,Responded,True
909,67,Female,137.04,7226.54,4,40,208.5,5,3,2,206,False,Ignored,True
910,49,Other,111.06,7696.87,9,41,40.06,4,2,4,3,False,Unsubscribed,True
911,50,Male,103.88,9513.84,13,35,25.18,8,0,3,92,False,Ignored,False
912,66,Other,180.27,6377.5,4,36,330.33,5,2,2,29,False,Responded,True
913,34,Female,25.09,5819.54,3,53,350.47,9,2,2,277,False,Unsubscribed,False
914,50,Other,40.49,6058.49,18,96,98.15,1,1,1,193,False,Responded,True
915,28,Other,38.37,8671.47,2,60,320.45,7,4,5,41,True,Unsubscribed,True
916,30,Male,156.25,3942.18,9,37,15.3,0,3,3,233,False,Responded,False
917,47,Female,81.14,7973.83,7,50,227.84,6,3,3,235,False,Ignored,True
918,18,Male,134.83,6557.34,2,19,146.76,2,2,5,22,True,Responded,True
919,47,Other,128.68,3115.26,12,54,442.59,2,1,1,24,False,Responded,True
920,44,Other,89.45,235.52,17,14,160.98,6,2,3,82,False,Unsubscribed,False
921,57,Female,115.68,2178.21,14,55,201.49,0,2,1,158,True,Unsubscribed,False
922,40,Other,136.12,7029.89,14,64,88.4,2,0,1,227,False,Responded,False
923,37,Male,189.37,5838.93,15,58,74.03,5,1,4,156,True,Responded,False
924,23,Female,123.61,2818.49,17,48,177.47,9,0,5,167,False,Responded,False
925,54,Other,130.59,4399.59,4,12,377.38,1,2,5,247,True,Responded,True
926,37,Male,32.21,6645.37,14,86,43.31,8,3,4,10,True,Responded,False
927,54,Male,191.4,1358.15,7,65,39.16,0,2,1,315,False,Responded,True
928,23,Female,115.05,4379.57,19,42,407.43,6,3,1,254,False,Ignored,True
929,46,Other,164.23,4224.58,2,18,266.86,9,0,3,291,False,Unsubscribed,False
930,30,Male,29.05,5471.75,9,18,431.29,6,2,5,251,True,Unsubscribed,False
931,44,Female,95.76,5266.95,15,34,310.61,5,2,3,56,False,Responded,True
932,67,Male,66.26,3740.49,19,41,48.44,3,0,3,176,True,Unsubscribed,False
933,37,Other,68.06,7651.06,10,36,95.19,3,3,5,218,True,Responded,True
934,30,Male,162.46,765.57,8,35,226.62,6,0,3,150,False,Unsubscribed,False
935,56,Other,132.3,451.83,13,92,102.35,1,2,5,32,False,Ignored,True
936,25,Male,99.15,4260.57,10,33,434.17,4,1,1,12,False,Unsubscribed,False
937,34,Other,21.91,8977.27,17,25,490.55,6,2,1,142,False,Unsubscribed,False
938,47,Male,193.69,2847.94,2,10,313.28,2,0,2,181,False,Responded,True
939,18,Male,193.16,1805.86,18,92,327.92,6,2,3,16,True,Unsubscribed,False
940,41,Female,59.16,9289.26,2,46,445.68,2,3,3,21,True,Ignored,True
941,33,Other,27.44,1765.41,19,27,342.15,2,3,5,361,False,Unsubscribed,True
942,28,Male,115.44,3810.92,16,14,198.88,3,2,3,145,False,Unsubscribed,True
943,21,Female,191.25,7317.25,15,37,127.52,2,1,2,39,False,Unsubscribed,False
944,21,Male,183.87,2683.15,8,43,210.58,1,0,4,47,True,Ignored,True
945,34,Female,125.24,2375.51,7,25,483.74,0,0,4,84,True,Ignored,False
946,66,Male,74.64,4036.91,18,49,49.33,7,1,1,70,False,Ignored,True
947,27,Female,79.39,7894.91,9,52,60.44,1,0,2,275,True,Ignored,True
948,38,Other,181.62,9118.74,16,93,334.59,4,4,1,91,True,Responded,False
949,55,Male,108.52,409.8,2,32,305.97,7,0,5,232,True,Responded,False
950,66,Other,43.6,1734.57,8,33,371.28,1,1,4,97,False,Responded,True
951,35,Other,64.72,9590.15,9,45,451.45,1,4,5,44,True,Responded,True
952,27,Female,69.82,5968.63,9,91,262.13,1,1,2,169,True,Unsubscribed,True
953,62,Other,42.24,5558.96,1,9,181.65,7,0,1,58,True,Responded,True
954,33,Female,103.35,8154.08,10,18,264.97,4,0,1,75,True,Unsubscribed,False
955,56,Female,184.89,493.85,3,23,95.44,6,4,3,224,False,Unsubscribed,True
956,32,Female,140.38,236.98,1,30,451.17,5,3,2,327,True,Responded,False
957,51,Female,33.05,9678.19,11,1,344.33,8,1,2,295,False,Ignored,False
958,22,Female,20.99,8302.85,9,7,436.63,5,2,1,154,False,Responded,True
959,34,Male,69.72,7499.08,14,80,158.18,5,1,5,124,False,Ignored,True
960,54,Male,85.28,1641.44,4,22,447.94,8,4,3,74,False,Unsubscribed,False
961,25,Other,159.81,4818.38,6,83,84.44,8,1,1,317,True,Unsubscribed,True
962,41,Male,194.06,9379.21,13,68,191.4,5,3,4,101,True,Unsubscribed,True
963,45,Female,89.76,9342.64,1,24,45.07,1,1,3,72,True,Responded,False
964,64,Female,143.6,191.55,4,59,309.44,2,1,3,148,False,Responded,True
965,25,Male,199.08,7549.66,12,12,128.77,0,1,1,262,False,Ignored,True
966,40,Other,154.22,161.75,1,55,124.79,8,2,4,263,True,Ignored,True
967,52,Other,134.51,9844.59,9,65,496.82,7,3,3,156,True,Ignored,False
968,48,Male,34.05,4227.98,15,25,127.59,8,4,5,241,False,Responded,True
969,34,Female,78.18,9737.84,4,69,261.12,6,3,1,340,True,Unsubscribed,True
970,45,Female,184.41,3740.69,1,42,312.11,5,1,5,168,False,Ignored,False
971,65,Other,56.18,3002.55,10,35,484.7,9,4,5,249,True,Ignored,True
972,65,Male,171.85,3231.29,7,67,472.46,4,3,1,333,False,Unsubscribed,False
973,68,Female,145.34,7333.72,4,9,211.51,9,3,5,224,True,Ignored,True
974,29,Other,85.94,2076.76,4,36,64.81,6,2,2,242,True,Unsubscribed,False
975,41,Other,115.25,8654.17,16,5,105.09,2,2,4,92,False,Responded,True
976,32,Male,117.71,5946.67,1,68,15.01,1,3,4,123,True,Unsubscribed,True
977,57,Other,148.53,9702.12,7,37,10.46,2,4,5,63,False,Unsubscribed,False
978,48,Female,112.98,9872.14,13,67,390.77,8,1,4,50,True,Unsubscribed,True
979,44,Other,43.95,1933.3,19,13,184.86,8,1,3,308,False,Unsubscribed,True
980,52,Other,159.22,9562.24,6,64,327.74,4,2,3,78,False,Unsubscribed,True
981,35,Other,93.13,560.73,2,90,286.0,6,1,4,270,True,Ignored,True
982,53,Male,193.36,375.85,18,25,440.83,9,4,2,65,True,Unsubscribed,False
983,25,Female,71.03,9444.26,16,34,291.91,9,0,2,333,False,Responded,True
984,63,Other,67.35,9627.73,9,48,63.97,2,2,1,148,False,Unsubscribed,False
985,66,Male,80.03,1557.75,10,49,440.93,4,1,1,184,True,Unsubscribed,False
986,55,Other,123.02,4479.92,14,45,364.16,4,3,3,76,True,Unsubscribed,True
987,22,Female,181.08,4991.52,17,57,160.7,5,0,4,317,False,Unsubscribed,True
988,31,Other,51.73,8616.78,10,10,380.14,5,4,5,202,True,Ignored,False
989,55,Male,70.34,6316.38,5,48,202.66,5,4,1,92,True,Responded,True
990,37,Other,124.7,7768.21,8,5,431.91,7,2,4,56,True,Unsubscribed,False
991,61,Other,101.78,4902.46,6,76,252.84,3,0,2,356,True,Ignored,True
992,26,Other,100.52,6519.3,8,27,306.82,9,1,4,315,False,Responded,False
993,50,Male,167.73,7380.55,4,10,46.12,1,2,2,173,True,Ignored,True
994,35,Other,186.3,7405.02,2,90,418.46,0,0,1,124,True,Responded,False
995,23,Other,106.64,117.2,10,74,250.92,7,4,3,16,True,Ignored,True
996,54,Male,143.72,1089.09,2,29,77.75,0,3,2,88,True,Ignored,False
997,19,Male,164.19,3700.24,9,90,34.45,6,4,4,352,False,Responded,True
998,47,Female,113.31,705.85,17,69,187.37,7,3,1,172,True,Unsubscribed,False
999,23,Male,72.98,3891.6,7,31,483.8,1,2,5,55,False,Responded,True
1000,34,Other,134.86,3956.71,15,48,420.91,6,0,1,269,True,Ignored,True
